{
	"Interlagos": {
		"chassis": 29.2674684,
		"engine": 39.633562,
		"FWing": 23.3201485,
		"RWing": 17.5855638,
		"underbody": 33.868195299999999,
		"sidepods": 17.0437057,
		"cooling": 15.6614051,
		"gear": 23.7595205,
		"brakes": 42.378558,
		"susp": 30.2469228,
		"electronics": 14.884129
	},
	"Buenos Aires": {
		"chassis": 22.4128218,
		"engine": 39.1468593,
		"FWing": 17.4913322,
		"RWing": 21.9848477,
		"underbody": 16.0282461,
		"sidepods": 13.6785202,
		"cooling": 18.7089154,
		"gear": 41.1447743,
		"brakes": 51.9180657,
		"susp": 36.5603384,
		"electronics": 15.0987979
	},
	"Imola": {
		"chassis": 16.521802,
		"engine": 29.9006233,
		"FWing": 28.8885071,
		"RWing": 31.3790618,
		"underbody": 23.8609353,
		"sidepods": 12.5011898,
		"cooling": 14.8138348,
		"gear": 28.5250158,
		"brakes": 34.7045137,
		"susp": 28.520387,
		"electronics": 13.7154982
	},
	"Monte Carlo": {
		"chassis": 11.1038087,
		"engine": 13.2390901,
		"FWing": 41.326687,
		"RWing": 41.3192734,
		"underbody": 21.2319864,
		"sidepods": 7.5697044,
		"cooling": 11.1583077,
		"gear": 22.2114537,
		"brakes": 36.2423581,
		"susp": 28.8200359,
		"electronics": 9.6929741
	},
	"Barcelona": {
		"chassis": 20.1000884,
		"engine": 42.9815789,
		"FWing": 32.7308478,
		"RWing": 38.4496044,
		"underbody": 24.4555271,
		"sidepods": 17.6963411,
		"cooling": 17.2211794,
		"gear": 26.613604,
		"brakes": 39.0358225,
		"susp": 30.685282,
		"electronics": 15.1467958
	},
	"Montreal": {
		"chassis": 19.0242708,
		"engine": 34.3719737,
		"FWing": 19.6477958,
		"RWing": 12.0098686,
		"underbody": 18.4155998,
		"sidepods": 13.3660093,
		"cooling": 9.356507,
		"gear": 27.4065408,
		"brakes": 36.7813876,
		"susp": 32.1988717,
		"electronics": 9.291198
	},
	"Magny Cours": {
		"chassis": 16.8211397,
		"engine": 33.2268959,
		"FWing": 21.5619376,
		"RWing": 18.7735706,
		"underbody": 20.0569405,
		"sidepods": 14.5197688,
		"cooling": 14.9555786,
		"gear": 27.4942198,
		"brakes": 37.8650232,
		"susp": 28.9332307,
		"electronics": 8.3821933
	},
	"Silverstone": {
		"chassis": 18.5353482,
		"engine": 39.5517322,
		"FWing": 16.2996158,
		"RWing": 19.8177743,
		"underbody": 21.0306953,
		"sidepods": 12.4616594,
		"cooling": 12.0704503,
		"gear": 27.8789899,
		"brakes": 20.2297581,
		"susp": 16.3616508,
		"electronics": 9.0149046
	},
	"Hungaroring": {
		"chassis": 18.6321882,
		"engine": 26.1802092,
		"FWing": 56.0820171,
		"RWing": 51.1542417,
		"underbody": 26.1872694,
		"sidepods": 13.8858833,
		"cooling": 11.2523294,
		"gear": 36.1200563,
		"brakes": 23.8127794,
		"susp": 38.6329421,
		"electronics": 9.4834526
	},
	"Spa": {
		"chassis": 20.20012,
		"engine": 37.3337937,
		"FWing": 20.3118247,
		"RWing": 23.4886938,
		"underbody": 23.1008177,
		"sidepods": 14.4900916,
		"cooling": 11.9607454,
		"gear": 28.7824137,
		"brakes": 31.6154955,
		"susp": 35.8618257,
		"electronics": 11.502973
	},
	"Monza": {
		"chassis": 21.7074072,
		"engine": 41.8260049,
		"FWing": 14.572436,
		"RWing": 11.1011024,
		"underbody": 19.8350204,
		"sidepods": 17.6313274,
		"cooling": 13.3523726,
		"gear": 31.648512,
		"brakes": 38.5828012,
		"susp": 21.3926416,
		"electronics": 14.7630325
	},
	"A1-Ring": {
		"chassis": 20.4409194,
		"engine": 37.4934132,
		"FWing": 14.049314,
		"RWing": 14.6988584,
		"underbody": 14.4345987,
		"sidepods": 17.2597169,
		"cooling": 12.6162143,
		"gear": 26.224552,
		"brakes": 30.8315184,
		"susp": 19.4684348,
		"electronics": 14.7015879
	},
	"Suzuka": {
		"chassis": 13.1296854,
		"engine": 24.8158457,
		"FWing": 16.4371251,
		"RWing": 21.4938435,
		"underbody": 17.4778563,
		"sidepods": 11.775533,
		"cooling": 10.8134999,
		"gear": 27.8214516,
		"brakes": 21.3932011,
		"susp": 23.1341066,
		"electronics": 11.3490716
	},
	"Jerez": {
		"chassis": 26.6287187,
		"engine": 41.0912252,
		"FWing": 27.4007463,
		"RWing": 29.8477469,
		"underbody": 24.6889018,
		"sidepods": 21.5222146,
		"cooling": 15.0322334,
		"gear": 23.5545992,
		"brakes": 36.4550053,
		"susp": 34.426085,
		"electronics": 16.9078757
	},
	"Sepang": {
		"chassis": 18.0972038,
		"engine": 33.0430428,
		"FWing": 23.824067,
		"RWing": 18.8957445,
		"underbody": 23.444988,
		"sidepods": 13.6684233,
		"cooling": 13.5095354,
		"gear": 28.3984715,
		"brakes": 34.1358361,
		"susp": 29.6424671,
		"electronics": 10.8523075
	},
	"Indianapolis": {
		"chassis": 32.6306151,
		"engine": 42.6836526,
		"FWing": 18.6223514,
		"RWing": 23.7513264,
		"underbody": 28.675389,
		"sidepods": 26.2133577,
		"cooling": 11.9056182,
		"gear": 33.1486592,
		"brakes": 38.1767565,
		"susp": 37.171137,
		"electronics": 9.9280051
	},
	"Hockenheim": {
		"chassis": 21.9423091,
		"engine": 44.2804577,
		"FWing": 15.3297907,
		"RWing": 16.5192609,
		"underbody": 17.34938,
		"sidepods": 14.1744787,
		"cooling": 14.6516072,
		"gear": 27.2042046,
		"brakes": 35.6091731,
		"susp": 18.8652021,
		"electronics": 12.804607
	},
	"Estoril": {
		"chassis": 16.3396164,
		"engine": 37.7210229,
		"FWing": 21.6669967,
		"RWing": 18.6166395,
		"underbody": 20.686343,
		"sidepods": 14.3511877,
		"cooling": 10.8502599,
		"gear": 27.665212,
		"brakes": 32.8472355,
		"susp": 24.8242928,
		"electronics": 10.1821437
	},
	"Adelaide": {
		"chassis": 27.6118853,
		"engine": 14.3613447,
		"FWing": 28.8866436,
		"RWing": 34.2298636,
		"underbody": 31.179053,
		"sidepods": 18.940363,
		"cooling": 22.0471574,
		"gear": 21.3231139,
		"brakes": 17.3601148,
		"susp": 11.132101,
		"electronics": 15.8180107
	},
	"Kyalami": {
		"chassis": 16.3373045,
		"engine": 23.7263338,
		"FWing": 25.6956733,
		"RWing": 28.9913888,
		"underbody": 14.5418211,
		"sidepods": 12.9113796,
		"cooling": 23.3905342,
		"gear": 33.5603546,
		"brakes": 20.0865829,
		"susp": 17.4365838,
		"electronics": 15.3236509
	},
	"Nurburgring": {
		"chassis": 23.1915526,
		"engine": 34.3982511,
		"FWing": 19.6643285,
		"RWing": 25.7155478,
		"underbody": 21.4099671,
		"sidepods": 12.2406777,
		"cooling": 12.4825395,
		"gear": 23.2453988,
		"brakes": 37.8161807,
		"susp": 34.3312823,
		"electronics": 8.6172229
	},
	"Mexico City": {
		"chassis": 9.8621868,
		"engine": 18.2818851,
		"FWing": 12.5352128,
		"RWing": 11.0861241,
		"underbody": 15.165818,
		"sidepods": 10.8251665,
		"cooling": 14.704818,
		"gear": 23.4841639,
		"brakes": 10.2200009,
		"susp": 28.0880404,
		"electronics": 12.891401
	},
	"Brands Hatch": {
		"chassis": 9.4655391,
		"engine": 23.7681575,
		"FWing": 15.6703706,
		"RWing": 18.8698861,
		"underbody": 20.3255864,
		"sidepods": 12.4545014,
		"cooling": 10.4855018,
		"gear": 16.6784822,
		"brakes": 28.4155337,
		"susp": 27.6846859,
		"electronics": 15.1623814
	},
	"Oesterreichring": {
		"chassis": 16.3210051,
		"engine": 35.9606032,
		"FWing": 21.0216553,
		"RWing": 23.788563,
		"underbody": 17.6044659,
		"sidepods": 15.2759901,
		"cooling": 17.2340063,
		"gear": 20.174061,
		"brakes": 28.9431894,
		"susp": 17.1550442,
		"electronics": 10.5107746
	},
	"Paul Ricard": {
		"chassis": 20.7993832,
		"engine": 44.8799729,
		"FWing": 21.1598823,
		"RWing": 27.2439462,
		"underbody": 24.2011689,
		"sidepods": 12.2416112,
		"cooling": 14.882855,
		"gear": 23.4706189,
		"brakes": 37.9487583,
		"susp": 19.2527305,
		"electronics": 9.1947261
	},
	"Zolder": {
		"chassis": 14.5609138,
		"engine": 15.5845931,
		"FWing": 20.1043301,
		"RWing": 18.3180061,
		"underbody": 16.5696524,
		"sidepods": 18.5764444,
		"cooling": 17.3380284,
		"gear": 31.1065289,
		"brakes": 22.7050603,
		"susp": 25.1651846,
		"electronics": 15.2941128
	},
	"Zandvoort": {
		"chassis": 28.7760814,
		"engine": 47.4601341,
		"FWing": 35.376152,
		"RWing": 27.5422983,
		"underbody": 24.1556208,
		"sidepods": 20.2290729,
		"cooling": 17.984197,
		"gear": 26.4291039,
		"brakes": 52.6691149,
		"susp": 40.469339,
		"electronics": 15.2649583
	},
	"Mugello": {
		"chassis": 16.1764772,
		"engine": 15.3361465,
		"FWing": 19.1598176,
		"RWing": 13.3607954,
		"underbody": 19.673807,
		"sidepods": 22.2850987,
		"cooling": 23.5001162,
		"gear": 26.8522947,
		"brakes": 24.418942,