{
	"A1-Ring": 0.00737,
	"Adelaide": 0.00803,
	"Anderstorp": 0.007461,
	"Austin Texas": 0.02061538,
	"Avus": 0.002615385,
	"Baku City": 0.02727586,
	"Barcelona": 0.01286,
	"Brands Hatch": 0.00775,
	"Brasilia": 0.012,
	"Bremgarten": 0.014,
	"Brno": 0.0169,
	"Buenos Aires": 0.0142,
	"Estoril": 0.010125,
	"Fiorano": 0.00859,
	"Fuji": 0.01365,
	"Grobnik": 0.014333,
	"Hockenheim": 0.01035,
	"Hungaroring": 0.00727,
	"Imola": 0.013,
	"Indianapolis": 0.00981,
	"Interlagos": 0.0108,
	"Irungattukottai": 0.0093,
	"Istanbul": 0.01219,
	"Jeddah": 0.032333,
	"Jerez": 0.0141,
	"Jyllands-Ringen": 0.0090666,
	"Kyalami": 0.01052,
	"Laguna Seca": 0.0077,
	"Las Vegas": 0.0205,
	"Losail": 0.0187804,
	"Magny Cours": 0.01144,
	"Melbourne": 0.0171,
	"Mexico City": 0.00721,
	"Miami": 0.0147692,
	"Monte Carlo": 0.0106,
	"Montreal": 0.009,
	"Monza": 0.01296,
	"Mugello": 0.013,
	"Nurburgring": 0.01293,
	"Oesterreichring": 0.01157,
	"Paul Ricard": 0.00944,
	"Poznań": 0.009625,
	"Rafaela Oval": 0.007692307,
	"Sakhir": 0.0126,
	"Sepang": 0.01754,
	"Serres": 0.0090909,
	"Shanghai": 0.00973,
	"Silverstone": 0.01065,
	"Singapore": 0.0223,
	"Slovakiaring": 0.0162,
	"Sochi": 0.022272727,
	"Spa": 0.02693,
	"Suzuka": 0.01405,
	"Valencia": 0.026,
	"Yas Marina": 0.0212,
	"Yeongam": 0.020233750000000003,
	"Zandvoort": 0.01035,
	"Zolder": 0.01365,
	"Indianapolis Oval": 0.0025,
	"New Delhi": 0.0185,
	"Bucharest Ring": 0.006454545,
	"Ahvenisto": 0.00625,
	"Portimao": 0.01645,
	"Kaunas": 0.006742857
}